{"cameraMode":{"drawMode":0,"name":"Shaded","section":"Shading Mode"},"sceneLighting":false,"audioPlay":false,"sceneViewState":{"m_AlwaysRefresh":false,"showFog":true,"showSkybox":false,"showFlares":true,"showImageEffects":true,"showParticleSystems":true,"showVisualEffectGraphs":true,"m_FxEnabled":true},"in2DMode":false,"pivot":{"x":-0.059107422828674319,"y":-0.009299486875534058,"z":-0.015160009264945984},"rotation":{"x":0.20915894210338593,"y":-0.7626356482505798,"z":0.2978959083557129,"w":0.5348193645477295},"size":0.24352924525737763,"orthographic":false}